Site 1,Site 2,Site 3,Site 4,Site 5,Site 6,Site 7,Site 8,Site 9,Site 10,Site 11,Site 12,Site 13,Site 14,Site 15,Site 16,Site 17,Site 18,Site 19,Site 20,Site 21,Site 22,Site 23,Site 24,Site 25,Site 26,Site 27,Site 28,Site 29,Site 30,Site 31,Site 32,Site 33,Site 34,Site 35,Site 36,Site 37,Site 38,Site 39,Site 40,Site 41,Site 42,Site 43,Site 44,Site 45,Site 46,Site 47,Site 48,Site 49,Site 50,Site 51,Site 52,Site 53,Site 54,Site 55,Site 56,Site 57,Site 58,Site 59,Site 60,Site 61,Site 62,Site 63,Site 64,Site 65,Site 66,Site 67,Site 68,Site 69,Site 70,Site 71,Site 72,Site 73,Site 74,Site 75,Site 76,Site 77,Site 78,Site 79,Site 80,Site 81,Site 82,Site 83,Site 84,Site 85,Site 86,Site 87,Site 88,Site 89,Site 90,Site 91,Site 92,Site 93,Site 94,Site 95,Site 96,Site 97,Site 98,Site 99,Site 100
1,0,1,0,1,0,0,1,1,1,1,0,1,1,0,0,1,1,1,1,0,0,1,0,1,0,1,0,0,1,0,0,1,1,0,1,0,0,0,0,0,0,1,0,0,0,0,1,0,1,1,0,1,0,0,0,0,0,0,1,1,0,0,1,1,1,1,1,0,1,1,1,1,0,1,0,0,1,1,1,0,1,0,1,1,0,1,1,1,1,0,0,1,1,0,1,0,0,0,0
1,1,1,0,1,1,0,1,1,0,1,1,1,1,0,0,1,0,1,0,0,1,0,0,0,1,0,0,1,1,1,0,0,0,1,1,0,0,1,0,1,1,0,0,0,0,1,0,0,0,1,0,1,0,1,0,0,0,1,0,1,0,1,1,0,0,1,0,0,1,0,0,0,1,1,0,1,0,1,1,1,1,0,0,0,1,1,0,1,1,1,1,0,1,1,0,0,1,1,0
1,1,1,0,1,1,0,1,1,1,1,0,1,1,0,1,0,0,1,0,1,0,1,0,0,0,0,0,0,0,1,0,1,0,0,0,1,0,0,0,0,1,1,0,1,1,0,0,0,1,1,1,0,0,0,1,1,0,1,1,1,0,1,0,1,0,0,0,0,0,0,0,0,0,0,1,0,0,0,0,1,0,0,1,0,0,1,1,1,0,0,1,0,1,1,0,0,0,0,1
0,1,0,0,1,1,0,0,0,1,0,1,0,1,0,1,1,1,1,0,1,1,0,1,0,1,0,0,1,1,0,0,1,1,1,1,1,0,1,1,1,1,0,1,0,1,1,1,1,0,1,1,0,1,1,0,1,1,0,0,1,0,0,1,1,1,1,1,1,1,0,1,0,1,0,1,1,0,0,0,0,0,0,1,1,0,0,1,1,1,1,1,0,1,0,0,0,0,0,1
0,1,1,1,1,0,0,1,0,1,1,1,0,1,1,1,0,0,1,1,1,0,0,0,1,1,1,0,0,1,1,0,0,1,1,0,0,0,0,1,1,0,1,0,1,1,1,0,0,1,1,1,0,0,1,0,0,1,1,0,0,0,0,0,0,0,1,0,1,1,1,1,1,1,1,1,0,0,1,1,0,1,0,0,1,0,1,1,0,1,1,0,0,1,1,1,1,0,1,0
0,1,0,0,1,1,0,1,0,0,0,1,0,0,1,0,1,1,0,1,0,1,0,0,0,1,0,1,0,1,1,0,0,0,1,1,1,1,1,0,0,1,1,1,0,1,0,1,0,1,0,1,0,1,0,0,1,1,1,1,1,0,1,0,1,0,0,1,1,0,1,1,0,1,1,0,0,0,0,0,0,1,0,1,0,0,1,0,1,0,0,0,0,1,1,0,1,1,0,1
0,0,0,1,1,1,0,1,0,1,1,0,1,0,0,1,1,0,0,1,0,1,0,0,1,1,1,0,1,0,0,0,0,0,0,1,1,1,1,0,0,0,0,1,1,1,1,1,0,0,1,0,1,1,0,1,1,1,1,0,0,1,0,0,0,0,0,0,0,1,0,0,1,0,1,0,0,0,1,0,0,1,0,1,1,1,0,0,1,1,0,0,1,0,1,1,0,0,1,0
1,0,1,1,0,1,0,0,0,0,1,0,1,1,1,0,0,0,1,1,0,1,0,1,0,0,1,1,1,1,0,1,0,1,0,1,0,1,1,1,1,0,0,0,0,0,1,1,0,1,1,0,1,1,1,1,1,1,0,0,0,1,0,1,0,1,0,0,0,0,0,1,1,0,0,0,1,1,1,0,1,1,1,0,1,0,1,0,0,1,0,0,1,1,1,1,1,1,0,0
1,1,0,0,0,1,1,1,1,0,1,1,0,1,1,1,0,1,1,0,1,0,1,1,1,0,0,0,0,0,0,1,0,0,1,0,0,1,1,1,0,1,0,1,0,0,0,1,0,0,1,1,1,1,0,0,0,1,0,0,1,1,1,1,0,1,1,0,0,1,0,1,0,1,0,0,0,1,0,0,1,1,0,1,0,1,1,0,1,1,0,0,0,0,1,1,1,0,1,1
0,1,0,0,1,0,1,0,1,1,1,0,0,1,1,0,0,0,0,0,0,1,1,1,0,0,1,1,0,1,1,0,1,0,0,0,0,0,0,1,1,1,1,0,0,0,1,0,0,1,1,1,0,1,1,1,1,0,0,1,0,0,1,1,0,1,0,1,0,0,1,0,0,1,0,0,0,1,1,0,0,1,0,1,1,0,1,0,0,0,0,0,0,1,0,1,0,1,1,0
1,0,1,0,1,1,0,0,1,0,0,1,0,0,0,1,1,0,1,1,1,1,0,0,1,1,0,1,1,0,0,0,0,0,0,1,1,0,1,1,0,1,1,1,0,1,1,0,1,1,1,0,1,0,0,1,1,1,0,0,0,0,1,1,1,1,0,0,1,0,1,0,0,0,0,1,0,0,0,0,1,1,0,0,0,0,0,0,1,1,0,0,0,0,1,0,1,1,0,0
0,1,0,0,0,1,0,0,1,1,1,1,1,0,0,1,1,1,0,1,0,0,0,0,0,1,1,1,0,1,0,1,0,0,0,0,1,0,1,1,0,0,0,0,1,0,1,0,0,1,0,0,1,0,1,0,1,1,0,0,1,1,0,1,0,1,0,0,1,0,0,0,1,1,1,0,0,0,0,0,0,1,1,1,1,1,0,0,1,1,0,1,1,1,0,1,1,1,1,1
1,1,1,0,1,1,0,1,1,1,0,0,0,1,0,0,0,1,1,1,0,0,1,1,0,0,0,0,1,0,0,0,1,1,0,0,0,1,0,1,0,1,0,0,0,1,1,1,1,0,1,1,0,1,0,1,0,1,1,1,1,1,1,0,0,0,1,0,1,0,1,0,0,1,1,0,0,0,0,1,1,1,1,1,0,0,0,0,0,1,1,0,1,0,0,1,1,1,0,0
1,1,1,0,1,1,1,1,1,1,1,1,1,0,1,1,0,1,0,0,0,0,0,0,0,1,0,0,0,0,0,0,1,1,1,0,0,1,1,0,0,1,1,1,1,0,1,0,0,0,1,1,0,1,0,0,1,0,1,1,0,1,0,0,0,0,1,1,1,0,1,1,1,1,0,1,0,0,1,1,0,1,0,0,1,0,1,1,1,0,1,0,0,0,1,0,0,1,0,1
0,0,0,0,0,0,1,0,1,1,1,1,0,1,1,1,1,1,1,1,1,0,1,0,0,1,0,1,0,0,1,1,1,1,0,1,1,1,0,1,0,0,1,0,0,1,1,0,0,1,0,1,0,1,1,0,0,1,0,0,1,0,1,1,1,1,1,1,0,1,0,0,0,1,1,1,1,1,1,1,1,1,0,0,1,1,0,1,1,1,1,1,0,0,1,1,1,1,0,0
1,0,1,0,0,1,0,1,0,1,1,1,0,0,1,0,0,0,1,0,0,0,1,1,0,0,0,1,0,1,1,1,1,0,0,1,0,0,0,1,0,1,0,1,0,0,1,1,1,0,1,1,1,1,1,1,1,1,0,0,0,1,0,0,0,1,0,0,0,1,1,0,1,0,0,0,1,1,1,0,0,0,0,1,1,0,1,0,0,0,0,0,1,0,0,1,0,0,1,0
0,0,1,0,1,0,1,1,0,1,1,0,0,1,1,0,0,0,1,1,1,1,1,0,0,0,0,0,1,1,0,0,0,1,1,1,1,0,0,1,1,1,0,1,1,1,1,1,1,1,0,1,0,1,0,0,0,1,1,1,1,1,0,1,0,1,0,1,1,0,0,1,0,0,1,0,1,1,0,1,0,0,0,1,0,1,1,1,1,0,1,0,1,0,0,0,0,1,1,0
1,1,1,0,1,1,1,0,1,1,1,0,0,1,0,1,0,0,0,0,1,1,0,1,0,0,0,0,1,1,1,0,1,1,0,1,0,1,0,0,0,0,0,1,0,1,1,0,0,1,0,0,1,0,1,0,0,1,0,1,0,1,1,1,0,0,0,1,0,0,0,0,0,0,1,0,1,1,1,0,1,1,1,0,0,0,0,0,0,0,0,0,1,1,0,0,0,1,0,1
1,1,0,1,0,1,0,0,1,1,1,0,1,1,1,1,1,0,1,1,0,1,1,1,1,0,1,1,1,0,0,0,0,0,0,1,1,1,0,0,1,1,1,1,0,0,1,1,1,1,1,1,1,1,0,1,0,0,0,1,1,1,0,0,1,1,1,1,0,0,1,0,0,1,0,1,0,1,0,0,0,0,0,0,1,1,1,0,0,0,1,0,1,1,0,0,1,1,1,0
1,1,1,0,0,0,0,1,1,0,0,0,1,0,0,1,1,0,0,0,0,1,1,1,1,1,1,0,1,0,0,1,1,1,0,1,1,1,1,1,0,0,0,1,1,1,1,1,1,0,1,1,1,1,1,0,0,1,0,1,1,0,1,1,0,0,0,1,1,0,0,1,1,1,0,1,1,0,0,1,0,1,1,1,1,1,1,0,1,1,1,1,0,0,1,0,1,0,0,0
0,1,1,0,0,0,0,0,1,1,0,1,1,1,0,1,0,0,1,1,0,1,1,1,0,0,0,0,1,1,0,1,1,1,1,0,1,1,1,0,1,0,0,0,1,1,0,0,0,0,0,0,1,0,0,1,0,0,1,1,0,1,1,1,1,0,0,1,0,1,1,0,0,1,1,0,0,0,0,1,1,0,0,0,1,1,1,1,0,0,1,1,1,1,1,0,1,0,0,1
1,0,0,1,0,1,1,0,0,0,1,1,1,1,1,0,0,1,0,0,0,0,1,1,0,1,1,1,1,1,1,1,0,0,0,1,0,0,0,0,0,0,0,1,0,0,0,1,0,0,0,1,1,0,0,1,0,1,0,1,1,1,1,1,1,1,1,0,1,1,0,1,0,1,1,0,0,1,0,0,1,1,1,0,1,0,1,0,1,0,0,1,0,1,1,1,0,1,1,1
1,1,0,0,1,1,0,1,0,0,0,0,1,0,1,1,1,0,1,1,0,1,0,0,0,0,0,0,1,0,0,1,0,0,0,0,0,1,0,0,0,0,0,0,1,0,1,0,1,0,1,1,0,1,1,1,1,0,1,1,1,1,0,0,1,0,1,1,0,0,0,1,1,0,0,0,1,1,0,0,1,1,0,0,0,0,1,0,0,0,1,1,1,1,1,0,0,0,0,1
0,1,0,0,0,1,1,1,1,1,0,1,1,0,1,0,0,1,0,1,0,1,1,0,0,1,1,0,1,0,1,0,1,1,0,0,1,1,0,1,1,0,0,1,1,0,1,1,1,1,1,1,1,1,1,0,1,1,0,1,0,0,1,0,0,0,0,1,1,1,1,0,0,1,0,1,0,1,0,1,0,0,1,0,1,0,0,1,0,0,1,0,1,1,1,1,1,1,0,1
0,0,0,1,1,1,1,1,1,0,0,1,0,0,0,0,0,0,1,1,1,0,1,1,0,0,1,1,0,0,0,0,0,0,0,0,1,0,1,1,0,1,1,0,0,0,0,0,0,1,1,1,0,1,1,1,1,1,0,0,0,1,0,0,0,0,0,1,0,1,1,0,1,0,0,0,1,1,0,1,1,1,0,1,0,1,1,0,1,1,0,1,0,1,1,1,1,1,1,0
1,0,1,0,1,0,1,1,0,1,0,0,0,0,0,1,0,0,1,1,0,1,0,0,0,1,1,1,1,0,1,1,1,1,1,0,1,0,0,0,0,0,1,1,0,1,1,1,1,0,1,0,0,0,1,0,1,1,1,0,0,0,0,1,1,1,0,1,1,0,1,0,0,0,1,1,0,0,0,0,0,0,0,1,1,1,1,1,0,1,0,1,1,1,1,1,1,1,0,0
1,0,0,1,0,0,0,0,0,1,1,0,0,1,1,1,1,1,1,1,1,1,0,0,0,0,0,1,1,1,1,1,0,1,1,0,0,1,0,1,0,0,0,0,1,0,1,0,1,1,0,1,0,1,0,1,0,0,0,0,1,0,0,0,1,1,1,1,0,1,0,0,0,0,0,1,0,1,1,0,0,1,0,0,0,0,0,1,0,1,1,1,0,1,1,0,1,0,0,0
0,1,1,0,0,1,1,1,0,1,1,1,0,0,0,0,0,1,0,0,1,0,0,1,0,0,0,1,1,0,1,0,0,1,1,0,0,1,0,0,1,0,1,1,0,0,0,1,1,0,1,0,1,0,0,0,0,0,1,1,1,0,1,0,1,0,1,1,0,1,0,1,0,0,0,0,0,1,1,1,0,0,0,0,0,1,0,0,1,0,0,1,0,0,1,1,1,0,1,1
1,1,0,0,1,1,1,0,1,1,1,1,1,0,0,1,0,0,1,1,0,1,0,0,1,1,1,1,1,1,1,0,0,1,1,0,0,1,1,1,0,0,0,0,0,1,0,0,0,1,1,0,0,0,1,1,1,0,0,1,1,1,1,1,0,0,0,0,1,0,1,0,0,1,1,0,0,0,0,1,1,1,1,1,0,0,0,0,1,0,0,1,1,0,1,0,0,0,1,0
0,1,1,1,1,0,1,1,1,1,1,0,1,1,0,1,0,0,1,0,1,0,0,1,0,1,1,1,0,1,1,0,0,0,0,1,0,1,1,0,0,1,1,0,1,1,0,0,1,1,1,0,1,1,0,0,0,0,0,0,0,1,1,1,1,0,1,1,1,0,0,1,0,0,1,0,0,0,1,1,0,1,0,1,1,1,1,1,0,0,0,0,1,1,1,1,0,1,0,0
0,0,0,1,1,0,0,1,0,0,1,1,0,1,1,1,0,0,1,1,1,0,1,1,1,1,1,0,0,0,0,0,0,0,0,0,1,1,1,0,1,1,1,0,0,0,0,1,1,1,1,1,0,1,0,0,1,0,1,1,1,1,1,0,0,0,1,1,1,0,0,1,0,0,0,1,1,0,1,1,0,0,0,0,1,1,0,0,1,0,1,0,0,1,0,1,0,1,1,1
0,1,0,1,0,0,1,1,1,1,0,0,1,1,1,0,1,0,0,0,0,0,1,0,1,1,1,0,1,0,0,0,0,0,1,0,1,1,1,0,0,0,0,0,0,0,1,1,1,1,1,0,0,1,1,0,1,1,1,0,1,1,1,1,1,1,1,0,1,0,0,0,1,1,1,0,1,1,1,0,1,1,1,1,1,0,0,0,0,0,0,1,1,1,0,0,1,0,1,0
1,0,1,1,1,0,1,0,0,1,0,1,1,0,0,0,0,1,1,0,1,1,0,1,1,1,0,0,1,1,0,0,0,0,1,1,0,1,0,0,1,0,0,1,1,0,1,1,0,1,0,1,1,0,0,0,0,1,1,0,0,1,1,1,0,0,0,0,0,1,0,1,1,1,0,1,0,1,0,1,1,1,1,1,1,1,0,1,0,1,1,0,0,0,1,0,0,0,0,1
1,1,1,1,1,0,1,1,1,0,0,1,1,1,1,1,1,0,0,1,1,0,1,0,1,0,0,1,1,0,1,0,0,0,0,1,1,1,1,1,0,1,0,0,1,1,1,1,0,1,1,1,0,0,0,1,0,0,1,1,0,1,0,0,1,1,0,1,1,1,0,0,0,0,0,0,1,1,0,1,1,1,1,0,0,0,0,1,0,1,0,1,0,0,0,0,0,0,1,1
0,1,1,1,0,1,1,1,1,1,1,0,0,1,1,0,0,1,1,1,0,0,0,1,1,1,1,0,1,1,1,1,1,1,0,1,0,1,1,1,0,1,0,0,1,0,0,0,0,0,0,1,0,0,1,0,0,0,1,1,0,0,1,0,0,1,1,0,0,0,1,0,0,0,0,1,0,1,1,0,0,1,0,1,1,1,1,0,0,0,1,1,1,0,0,0,1,1,0,0
0,1,1,1,1,0,0,1,0,1,0,1,0,1,0,1,1,0,0,0,1,1,0,0,1,0,0,0,0,1,0,0,1,1,0,0,1,0,1,0,0,0,0,1,0,0,0,1,0,1,1,1,1,1,0,1,1,1,1,1,0,0,1,0,1,1,1,1,1,1,0,0,0,0,0,1,1,0,1,0,1,0,1,0,0,1,1,0,0,0,0,1,1,0,0,1,1,1,1,0
0,0,0,0,0,1,0,1,1,0,0,0,0,1,1,0,0,1,1,0,0,1,1,1,1,1,1,0,1,1,1,0,0,1,1,1,1,1,0,0,0,0,0,0,1,0,1,1,0,0,1,0,1,1,1,1,0,0,1,0,0,1,0,1,0,1,1,1,0,0,0,1,0,0,1,1,0,0,0,0,1,1,0,0,1,0,0,1,0,1,0,1,1,0,1,0,1,0,1,1
1,1,1,1,1,1,1,1,0,0,0,0,1,1,0,0,1,0,1,0,0,0,1,1,1,1,0,0,0,1,0,1,0,0,0,1,1,0,0,0,0,1,1,1,1,1,0,0,0,1,0,0,1,1,1,0,1,0,1,1,0,1,0,0,1,0,0,1,1,1,0,1,0,1,0,1,1,0,1,0,1,0,0,0,1,1,1,0,0,1,0,0,0,0,1,1,1,0,1,1
0,1,1,1,1,0,0,0,0,1,1,0,0,1,1,0,1,1,1,0,1,1,1,0,0,1,1,1,1,1,1,1,0,1,0,1,0,0,1,0,1,1,1,0,0,0,1,1,0,0,0,0,1,0,0,1,0,0,1,1,1,1,1,0,0,0,0,1,1,1,0,0,0,1,0,0,1,1,0,0,0,1,1,0,0,1,0,0,0,0,0,0,0,0,1,0,0,0,0,0
1,0,1,1,0,1,0,0,0,1,1,0,0,1,0,0,0,1,0,1,1,1,1,0,0,1,0,0,0,1,0,0,0,0,0,1,1,0,0,0,0,0,0,1,1,1,0,1,0,0,1,0,0,0,0,0,0,1,0,0,1,1,0,1,0,1,1,1,0,0,1,0,1,1,0,0,0,0,1,0,1,0,1,1,1,1,1,0,0,0,0,1,0,0,1,0,0,0,0,1
0,1,1,1,1,0,1,1,1,0,1,1,0,0,1,0,0,0,1,1,1,0,1,0,0,1,0,0,1,0,1,0,1,1,0,1,0,0,1,1,1,1,0,0,1,0,1,0,0,0,0,1,1,0,1,1,1,0,0,1,0,0,1,0,0,1,0,1,1,0,0,1,0,0,1,1,1,1,0,1,1,1,1,1,1,1,0,1,0,0,0,1,0,1,1,1,0,1,1,0
1,0,1,0,1,1,1,0,0,1,0,1,1,1,0,1,1,1,1,1,1,0,0,0,0,0,0,1,1,1,0,1,1,1,1,0,1,1,1,1,1,0,0,1,1,1,0,1,1,0,1,0,0,1,1,0,1,1,1,0,0,1,1,0,1,1,1,0,0,1,1,0,1,1,1,0,1,0,0,1,0,1,1,0,0,0,0,0,1,1,1,1,0,1,0,1,1,1,1,0
0,0,1,0,1,0,0,1,0,1,0,0,1,1,0,0,1,1,0,0,1,1,1,0,0,1,0,1,0,1,1,1,0,1,0,1,1,1,1,1,0,0,1,0,0,0,0,1,0,0,0,1,0,0,1,0,1,1,0,0,1,0,0,1,1,1,0,1,0,1,0,1,1,1,0,1,1,1,1,1,1,0,0,1,0,1,1,1,0,0,1,1,1,1,1,1,0,1,1,0
1,0,0,0,1,0,1,0,1,1,1,1,0,0,1,1,1,1,0,1,0,1,0,1,1,0,0,0,1,1,0,1,1,1,1,0,0,1,0,0,0,1,1,1,0,1,0,1,1,0,1,0,1,1,0,0,1,0,1,1,1,1,0,0,1,1,1,0,0,1,1,0,0,1,0,1,1,0,0,1,0,0,1,0,1,0,0,0,1,1,1,0,0,1,1,0,1,1,1,1
1,0,1,0,1,0,0,1,0,0,0,1,1,0,1,1,0,0,1,0,0,1,1,0,1,1,0,0,1,1,0,1,1,0,0,0,1,1,1,0,0,1,1,1,1,1,1,0,0,0,0,1,0,0,0,0,0,1,0,1,1,1,1,1,1,1,0,0,0,1,0,0,1,1,0,1,1,1,1,1,0,0,1,0,1,0,1,0,0,1,1,1,0,1,0,1,0,0,1,1
1,0,0,1,0,1,0,1,0,0,1,1,1,1,1,0,0,1,0,1,1,0,1,1,1,1,1,0,0,1,0,1,0,0,0,1,1,1,0,0,0,1,0,0,1,0,0,0,1,1,0,1,0,1,1,0,0,1,1,1,0,1,1,0,1,1,1,1,1,1,1,1,1,0,1,1,1,0,0,0,1,0,0,1,1,1,0,1,1,0,0,1,0,0,1,1,1,0,0,1
0,1,0,0,0,1,1,0,0,1,1,1,0,0,1,1,0,0,1,0,1,0,0,0,1,0,1,1,0,0,1,0,0,1,1,1,1,1,0,0,1,0,1,0,0,1,1,1,1,0,1,1,0,1,1,0,1,1,1,1,0,1,1,1,0,1,0,1,0,0,1,1,0,0,1,1,1,0,0,0,0,0,1,0,0,1,1,1,1,1,0,1,1,0,1,0,1,1,0,1
1,1,0,1,1,0,0,0,1,1,0,1,0,0,1,1,1,0,0,0,0,1,0,0,1,0,1,1,0,1,1,1,0,0,0,0,0,0,1,1,0,1,0,0,1,1,1,0,1,0,1,1,0,1,1,0,0,0,1,1,1,0,1,1,1,0,1,0,1,1,0,0,1,0,0,0,0,1,1,1,0,1,1,0,0,0,1,0,0,1,1,1,0,0,0,0,0,0,0,1
0,1,1,1,0,0,1,0,1,1,1,1,0,0,0,1,0,0,1,0,0,1,1,0,0,0,0,1,0,1,0,1,1,1,0,1,0,0,0,0,1,1,1,1,0,1,1,1,1,0,1,1,0,1,0,0,1,0,0,0,1,1,1,0,0,0,0,0,0,1,1,0,0,0,1,0,0,1,0,0,1,1,1,1,0,0,1,1,1,0,0,1,1,1,0,1,1,0,1,0
1,0,1,0,0,1,0,0,0,0,1,0,1,0,0,0,1,0,1,1,0,0,1,1,0,0,0,1,1,0,0,1,0,0,0,0,0,0,1,1,0,0,1,0,0,1,1,0,1,1,0,1,1,1,1,0,1,0,1,0,0,1,0,0,1,0,0,1,0,0,0,1,0,1,1,1,1,0,1,1,1,0,1,1,1,1,0,0,1,0,1,1,1,1,1,1,1,0,0,1
0,1,0,1,1,1,1,0,0,0,0,0,0,1,1,1,0,0,1,0,0,0,0,1,0,0,0,1,0,0,0,1,0,0,0,1,0,0,1,1,0,0,1,0,0,1,0,0,0,0,0,1,0,1,1,1,0,0,1,0,0,1,1,0,0,1,0,0,0,0,1,0,0,1,1,0,1,1,0,1,1,0,0,0,1,1,1,0,1,1,1,0,1,0,0,0,0,1,0,1
0,0,0,0,0,0,0,1,1,0,0,0,1,1,1,1,1,0,1,1,1,0,1,1,1,0,1,1,1,0,1,0,1,0,1,0,1,0,0,0,0,1,0,1,0,1,0,0,1,0,1,0,1,1,1,1,0,0,0,1,1,1,1,1,1,0,0,0,0,1,0,1,1,0,1,0,0,0,1,1,1,0,1,1,0,1,1,0,0,1,0,0,1,0,1,1,1,1,0,1
1,0,1,1,0,1,0,0,0,0,0,1,0,0,1,0,0,0,1,1,0,0,1,0,0,1,1,1,0,0,1,1,1,1,0,0,1,0,0,0,0,0,0,0,1,0,0,1,0,1,1,0,0,0,0,1,0,1,1,0,1,0,0,0,1,1,1,0,1,1,1,0,0,0,1,0,1,0,1,0,1,1,1,1,0,0,1,0,0,0,0,0,1,0,1,0,0,1,1,0
0,0,0,1,0,0,1,0,0,0,1,1,1,1,1,1,1,0,1,1,1,1,1,1,1,0,1,0,1,1,0,1,1,1,1,0,0,1,0,0,1,0,0,1,0,0,1,1,0,1,0,1,0,1,1,1,0,0,0,1,0,1,0,1,1,1,0,0,0,1,1,1,1,1,1,0,1,1,1,1,1,1,0,0,0,0,0,1,1,0,0,0,0,0,0,0,0,1,0,0
1,0,0,0,0,0,1,0,0,0,1,1,1,1,1,1,1,0,1,0,0,0,0,0,1,0,1,1,0,1,1,1,0,1,1,1,0,1,1,1,1,1,0,0,1,0,0,1,0,0,0,0,0,1,0,1,1,0,1,1,0,1,1,1,1,1,1,0,0,1,1,0,0,0,1,1,0,1,1,0,0,0,1,0,1,1,0,0,0,1,0,1,1,1,1,0,1,0,1,0
0,1,0,0,0,0,0,0,0,1,0,1,1,1,0,0,0,1,0,1,1,0,1,1,0,1,1,1,0,1,1,0,1,1,1,0,0,1,1,1,0,1,1,0,1,1,1,1,0,0,1,1,0,1,1,0,1,1,1,0,1,0,1,1,0,1,0,0,1,1,0,1,0,1,1,0,0,1,1,0,0,0,1,1,0,0,0,0,1,1,0,0,0,0,1,1,0,1,0,1
1,0,0,1,0,1,0,0,1,0,0,1,0,1,1,1,1,0,0,0,1,1,0,0,0,1,0,0,0,1,1,1,0,1,1,0,0,0,1,1,1,0,1,0,1,0,1,0,1,1,1,1,0,1,1,0,1,0,0,1,0,1,1,1,0,1,1,0,1,0,1,1,0,1,0,1,1,0,1,0,0,1,0,0,0,0,1,0,0,1,0,1,0,0,0,1,1,1,1,0
0,0,0,1,1,0,1,1,1,1,1,0,1,1,1,1,0,0,0,1,0,1,0,0,1,0,1,0,1,1,1,1,1,0,1,1,1,0,1,1,1,1,1,1,1,1,1,1,0,1,1,0,1,0,0,1,0,1,1,1,1,0,1,0,0,1,1,0,0,0,1,0,1,1,0,1,0,0,0,0,1,0,1,0,0,0,1,0,1,1,1,0,0,1,1,1,1,0,1,1
0,0,1,0,1,0,0,0,0,1,1,0,1,1,1,1,1,0,1,1,0,0,1,0,1,0,0,0,1,0,1,0,0,1,0,1,1,0,1,0,1,1,0,0,0,1,1,1,0,0,1,0,0,0,1,1,0,1,1,1,0,0,0,1,1,0,0,1,0,0,1,1,0,1,1,1,1,1,0,1,0,1,0,0,1,0,0,0,1,0,0,1,1,1,0,1,1,0,1,0
1,0,1,1,0,1,0,0,1,0,0,1,0,1,0,1,0,0,0,1,0,1,0,1,1,1,0,1,0,0,0,0,1,0,0,1,1,1,1,0,1,1,0,1,0,0,1,1,0,1,0,1,1,0,0,1,0,0,1,1,1,0,1,1,1,0,1,1,1,0,1,0,1,1,0,1,0,1,0,0,0,1,1,1,0,1,1,0,1,0,1,1,0,0,1,1,0,1,1,1
1,1,0,1,0,1,1,0,1,0,1,0,1,0,1,0,0,0,1,0,0,1,1,0,0,1,1,0,1,0,0,1,1,0,0,0,1,1,1,1,1,0,1,0,1,0,1,1,0,1,1,0,1,0,1,0,1,0,0,1,0,1,0,0,0,0,0,1,0,1,1,1,1,0,0,0,0,1,0,1,0,1,0,0,1,0,1,1,0,0,0,0,1,1,1,0,0,0,1,1
0,0,0,0,0,1,1,0,1,1,0,0,1,1,1,1,1,1,1,1,0,0,1,0,1,0,0,0,0,0,1,0,1,0,1,1,1,0,1,1,1,1,0,0,1,0,1,1,1,1,1,0,0,0,1,0,0,0,0,1,0,1,1,1,0,0,0,1,0,0,0,0,1,0,0,0,0,0,1,1,0,0,0,1,0,1,0,0,0,1,0,0,1,0,1,0,0,0,0,1
0,0,1,1,0,1,0,1,0,0,1,1,0,0,1,1,1,1,1,0,0,1,1,0,1,1,1,0,0,1,0,1,0,1,1,1,1,1,0,0,0,0,1,1,1,0,0,1,0,1,0,0,1,0,1,1,0,1,0,0,0,0,0,0,1,0,0,0,1,1,0,0,1,1,1,1,1,1,0,0,1,1,1,0,1,0,1,0,0,1,1,0,0,0,0,0,0,0,0,0
0,0,0,1,1,0,0,1,0,0,0,0,0,1,1,1,0,1,0,1,1,0,0,0,1,0,0,1,0,0,0,0,1,0,1,0,1,1,0,1,0,0,0,0,0,1,0,1,0,1,1,0,1,1,0,0,0,0,0,0,0,0,1,0,1,0,1,1,0,1,1,1,1,1,0,0,1,1,1,1,0,0,1,0,1,0,0,1,1,0,0,1,1,1,1,0,1,1,1,0
1,0,0,1,0,1,1,1,1,1,0,0,0,1,1,0,1,0,1,1,0,1,1,1,1,0,1,1,0,1,0,0,0,1,1,0,0,0,1,1,1,1,0,0,1,0,0,1,0,0,0,0,1,1,1,1,1,1,0,0,0,1,1,0,0,1,1,0,1,1,1,0,0,0,1,1,1,1,0,0,0,1,0,1,1,0,1,0,1,1,0,1,0,1,1,1,0,0,1,1
1,0,0,1,1,1,0,1,1,0,0,1,1,1,1,0,0,0,1,1,0,1,0,1,1,1,1,0,0,0,0,1,1,0,1,0,1,1,0,1,0,0,1,1,0,1,0,1,0,0,0,0,0,0,1,1,0,1,0,0,0,0,0,0,1,0,0,1,1,1,1,0,1,1,1,0,0,0,1,0,1,1,1,1,1,0,1,0,1,1,0,1,0,0,0,1,0,0,0,1
0,1,0,1,0,1,0,1,0,1,1,0,1,1,1,1,1,0,0,1,1,1,0,1,0,0,1,1,0,1,0,1,0,0,1,0,0,0,1,1,0,1,1,1,0,0,0,0,1,1,0,1,0,0,1,1,0,0,0,1,0,0,1,0,1,0,0,0,0,0,1,1,0,0,1,1,0,0,1,0,0,0,1,0,0,0,1,1,1,1,0,0,0,1,0,1,1,1,0,1
1,0,1,1,1,0,0,1,1,1,1,0,1,1,1,1,1,0,0,1,0,0,1,0,1,0,1,1,0,1,0,1,1,0,1,0,0,0,1,0,0,1,1,0,0,0,1,0,1,1,1,0,0,0,0,0,1,0,1,1,0,1,1,1,0,0,1,0,1,1,1,0,1,0,1,1,1,0,1,1,0,0,1,1,0,0,0,0,0,0,0,1,0,1,0,1,0,1,0,1
0,0,0,1,0,1,1,1,1,1,1,0,1,1,1,1,1,1,0,0,0,0,1,0,0,1,1,0,0,1,1,0,0,0,1,1,0,1,1,0,1,0,0,0,1,1,0,1,0,0,0,1,0,0,1,0,0,0,1,1,0,1,1,1,0,0,1,1,1,0,0,0,0,1,1,1,0,1,0,1,0,1,0,1,1,0,1,0,1,1,1,0,0,0,0,0,1,0,0,0
1,1,0,0,1,0,0,0,1,1,1,0,1,0,0,1,1,1,0,0,0,0,1,0,1,0,1,0,1,0,0,1,1,0,1,0,0,0,1,1,1,0,1,0,0,1,0,1,0,1,0,0,1,1,1,0,0,1,1,0,1,0,0,1,0,1,0,1,0,1,1,0,0,0,1,1,1,0,0,1,0,0,0,1,1,0,1,1,1,0,0,1,1,1,0,1,0,1,1,1
0,1,1,1,0,0,0,0,1,0,0,0,0,1,1,0,1,0,1,1,0,0,0,1,1,1,1,0,0,1,0,1,1,1,0,0,0,1,0,0,1,1,0,1,1,0,1,1,0,0,1,1,0,0,0,0,1,1,1,0,1,0,1,1,0,1,1,0,1,0,1,1,1,1,1,1,0,1,0,1,1,1,1,1,0,1,1,0,1,0,1,0,0,0,1,0,0,0,1,1
0,1,0,1,1,0,0,0,1,1,1,0,1,0,0,1,1,0,1,0,0,1,1,1,1,0,0,0,1,0,1,1,0,0,1,1,0,0,1,1,1,1,0,0,0,0,1,0,1,0,0,1,1,0,0,1,0,1,1,1,1,0,1,1,1,1,0,0,0,1,0,1,1,1,0,1,1,1,0,0,0,0,1,0,0,0,1,0,0,1,1,0,0,1,0,1,0,0,0,1
1,1,1,1,1,0,1,1,1,1,1,1,0,1,1,0,1,1,1,1,0,0,0,1,1,0,0,0,0,0,0,1,0,0,1,1,1,0,0,1,0,0,1,0,0,1,1,0,1,0,0,1,1,0,0,1,0,1,1,0,0,0,1,1,0,0,1,1,1,1,0,1,0,1,0,1,0,0,1,1,0,1,1,0,1,0,0,1,0,1,0,1,1,0,1,0,0,0,0,1
1,0,1,1,0,1,1,1,1,1,1,1,0,0,0,0,1,1,1,0,1,0,1,0,1,0,0,0,0,1,0,0,1,1,0,0,1,0,1,1,1,0,1,0,1,0,0,0,1,1,0,1,1,1,0,1,0,1,1,0,1,0,1,1,0,0,0,1,0,0,0,1,0,0,0,1,1,1,0,1,1,1,0,0,0,1,1,0,0,0,0,0,0,1,0,0,0,0,1,0
0,0,1,0,0,1,0,1,0,1,0,1,1,1,1,1,0,0,1,0,1,1,1,0,1,1,1,1,1,0,0,0,1,0,0,1,1,1,1,1,1,1,1,1,1,1,1,1,0,0,0,1,1,0,0,0,1,1,1,0,0,0,1,0,0,1,1,0,1,0,0,1,1,1,1,1,1,0,0,1,0,0,0,1,0,0,0,1,1,1,1,0,1,1,1,1,1,0,0,0
1,0,0,1,1,1,0,0,0,0,0,1,1,1,0,0,1,1,1,1,1,0,0,0,1,0,1,0,0,0,1,1,0,0,0,1,0,1,0,1,0,1,0,0,0,0,1,1,0,1,1,0,0,1,0,1,1,0,0,0,1,0,0,0,1,0,0,0,0,0,0,1,0,0,0,0,0,0,0,0,0,0,1,1,1,1,1,1,1,0,0,0,1,0,0,1,0,0,1,1
1,1,0,0,1,0,1,1,1,1,1,0,0,0,1,0,1,0,1,1,1,1,1,0,0,1,0,0,0,0,0,1,1,1,1,1,0,1,0,1,1,0,0,1,0,0,0,1,0,1,0,0,1,1,1,0,0,0,1,1,0,1,1,0,0,0,0,0,1,1,1,1,1,1,1,0,1,1,1,1,0,1,1,0,0,0,0,1,1,1,1,0,1,1,1,0,1,1,1,1
1,1,0,1,0,0,0,1,1,0,1,0,0,1,0,0,1,0,1,1,0,0,0,0,1,0,0,0,0,1,0,0,1,1,0,1,1,0,0,0,1,1,0,0,1,0,0,1,0,0,0,1,0,1,1,0,0,1,0,0,1,0,0,0,1,0,0,1,1,1,1,0,1,0,0,1,0,1,0,1,0,0,0,1,0,1,1,1,1,0,1,0,1,1,0,0,0,1,0,1
0,0,1,0,0,0,0,0,1,1,0,1,1,1,0,1,1,0,0,1,0,1,0,0,0,1,0,0,0,1,0,1,1,0,0,0,1,0,0,0,0,1,1,1,1,1,1,1,1,1,0,1,0,0,0,0,1,1,0,1,0,0,1,1,1,0,1,1,0,1,0,0,1,1,1,1,0,1,0,1,0,0,0,0,0,0,0,0,0,0,1,1,0,1,0,1,0,1,0,1
1,0,0,0,1,0,1,1,1,0,0,0,0,1,0,1,1,0,0,0,0,1,0,0,1,1,1,1,0,1,1,1,1,1,0,0,1,0,0,0,1,0,1,1,0,0,1,1,1,0,1,1,0,1,0,1,1,1,0,1,0,1,1,0,0,1,1,1,0,1,0,0,1,1,1,0,0,1,1,0,1,1,0,1,1,0,0,1,0,1,1,1,0,0,1,0,1,1,0,0
0,1,0,1,1,1,0,1,1,1,0,0,1,0,1,0,1,1,1,0,1,0,1,1,0,0,0,1,1,1,0,1,0,1,1,0,1,1,1,1,0,1,1,1,0,0,0,1,1,0,1,0,1,1,0,1,0,0,0,1,0,0,1,0,0,0,1,1,1,0,1,0,0,0,1,1,0,1,0,1,0,1,0,0,1,1,1,1,0,0,0,1,0,0,0,1,0,1,0,0
0,1,0,1,1,0,0,1,1,1,0,0,1,0,0,1,1,0,1,0,0,1,1,0,1,0,1,0,0,1,1,0,0,1,0,1,0,0,0,1,0,1,0,0,0,0,1,0,0,0,0,0,0,1,1,0,0,0,0,1,0,0,0,1,1,1,0,1,1,1,0,0,1,0,1,0,0,1,1,0,1,0,1,0,1,1,1,0,0,1,0,0,0,0,1,0,0,1,1,0
1,0,1,0,0,1,0,0,1,0,0,1,1,1,0,1,0,1,1,1,0,1,0,1,1,0,1,0,1,0,1,0,1,1,1,0,1,0,1,1,1,1,0,0,1,0,1,1,1,0,0,1,1,1,1,0,1,1,1,1,1,0,1,0,1,0,0,1,0,1,1,1,0,1,1,0,0,0,0,0,0,1,0,0,1,0,0,1,0,0,1,0,0,0,1,1,1,1,1,0
0,1,0,0,0,0,1,0,1,1,1,1,0,0,1,0,1,1,0,1,0,0,0,0,0,1,0,0,0,0,0,0,1,1,1,0,0,1,0,0,0,0,1,1,1,0,0,1,0,0,0,0,0,1,0,0,0,1,0,0,0,0,1,0,0,0,0,0,1,0,1,1,0,0,1,0,0,1,0,0,1,1,0,1,0,1,1,1,1,1,0,0,0,1,0,1,0,1,0,1
0,1,1,1,0,1,0,0,1,1,1,0,1,0,0,1,1,0,0,1,1,1,0,0,0,0,1,1,0,0,0,1,1,1,1,1,0,0,1,0,1,0,0,0,1,1,0,1,0,0,0,0,1,1,0,1,0,1,0,1,1,0,1,0,0,0,1,0,1,0,1,1,1,1,0,1,0,0,0,1,1,1,1,0,1,1,0,0,0,1,1,1,0,0,0,0,1,0,1,1
0,1,1,0,0,0,1,1,0,0,0,1,1,1,0,0,1,1,1,0,0,0,1,1,0,0,0,1,1,0,1,0,1,0,1,0,0,0,0,1,1,0,1,1,1,0,0,0,0,0,0,0,0,0,1,1,0,0,1,1,1,1,0,1,0,1,0,0,0,0,1,1,1,1,0,0,1,1,0,1,0,1,0,0,0,0,0,0,1,1,1,0,1,0,0,1,1,0,1,1
1,1,1,0,0,1,0,1,0,1,0,1,0,0,1,1,1,0,1,1,1,0,0,0,0,0,0,1,1,1,1,1,1,0,0,0,0,1,1,0,0,1,1,0,1,1,0,0,0,0,0,0,0,1,0,1,0,0,0,0,0,0,1,0,0,1,1,1,1,1,1,0,1,0,1,1,1,0,0,1,0,1,0,1,0,1,1,1,1,0,1,1,1,0,1,1,0,1,0,0
1,0,0,1,1,0,1,0,1,1,0,1,0,1,0,1,1,1,1,1,1,0,1,0,1,0,0,1,0,0,0,0,1,1,1,1,1,0,0,0,0,0,1,0,0,1,0,0,1,0,0,1,0,1,0,0,0,1,1,0,0,1,1,0,0,1,1,1,1,0,0,0,1,0,1,1,0,0,1,0,1,0,0,1,0,1,0,0,1,1,1,0,1,0,0,1,1,1,0,1
1,1,0,1,1,0,1,0,1,1,1,0,0,1,1,0,0,1,0,0,1,0,1,0,1,0,0,0,1,0,0,1,0,0,0,0,0,0,0,1,0,1,0,1,1,0,0,1,1,0,0,1,1,0,0,0,0,0,1,1,0,0,0,0,0,1,0,1,0,0,0,1,0,1,0,1,0,1,1,0,1,1,1,0,0,1,0,1,0,0,1,0,1,0,0,1,1,1,1,1
1,0,1,0,1,0,1,1,0,0,1,0,1,1,1,0,1,0,0,0,1,0,0,1,1,0,0,0,0,0,0,0,0,1,0,1,0,0,1,1,1,1,0,0,0,1,0,1,0,0,1,0,0,1,0,1,1,1,0,1,0,1,0,1,0,0,1,0,0,0,0,0,1,1,0,0,1,1,0,1,1,1,1,0,1,1,1,1,1,1,1,0,1,1,1,1,1,1,1,0
1,0,0,1,1,1,1,1,1,0,0,1,1,1,1,1,1,0,0,1,1,1,0,0,0,0,1,1,1,1,1,1,1,1,1,0,0,0,0,1,1,1,0,0,0,0,1,0,0,0,1,0,1,1,1,1,1,1,0,1,0,1,0,0,1,0,1,1,1,1,0,0,0,0,0,1,0,1,1,1,1,1,1,1,0,1,1,1,0,0,1,0,1,0,0,1,1,0,0,1
0,0,1,1,0,1,1,0,0,0,0,1,0,1,1,1,1,0,1,1,1,1,0,1,1,1,1,1,0,1,1,0,1,1,1,1,1,0,1,0,1,0,0,1,1,0,1,0,0,1,0,1,1,0,0,1,1,1,0,1,1,0,1,1,0,1,0,1,1,1,0,1,0,1,1,1,1,1,1,1,1,0,0,1,0,1,1,0,0,0,0,1,0,1,1,1,0,0,0,1
1,0,0,0,1,1,0,1,1,1,1,1,0,1,0,0,1,0,0,1,1,1,1,1,1,0,1,1,0,0,1,0,0,1,0,1,0,0,0,0,1,0,1,0,0,1,1,0,1,0,1,0,0,0,1,1,0,0,0,1,1,1,0,1,0,1,0,1,0,1,1,0,0,0,1,0,0,0,0,0,0,0,1,1,1,1,0,0,0,0,1,1,1,1,1,0,0,0,1,0
1,0,1,0,1,0,0,0,0,0,0,1,0,1,0,0,0,1,0,0,0,1,0,1,1,0,1,0,0,0,1,0,1,0,1,0,1,1,0,0,0,1,0,1,0,1,1,0,1,0,0,0,1,0,0,1,1,0,0,1,1,0,1,0,0,0,1,0,1,0,1,1,0,1,1,1,0,0,1,0,1,1,1,0,1,0,0,0,1,0,1,1,0,0,0,1,1,0,0,1
0,1,0,1,0,0,0,0,1,1,1,0,0,0,1,0,0,1,1,1,0,1,1,0,0,1,0,1,0,0,1,1,0,0,0,0,0,1,0,1,1,1,0,1,1,1,1,1,0,0,0,0,1,1,1,1,1,0,0,0,0,0,0,1,1,0,0,1,1,1,1,1,0,0,0,1,0,1,1,1,1,1,1,1,0,0,1,0,0,0,1,1,0,0,0,0,1,1,0,0
1,1,0,0,0,1,0,0,0,0,1,1,1,1,0,1,1,0,1,0,1,1,1,1,1,1,0,1,1,0,1,1,0,0,1,0,0,0,0,1,0,1,1,0,0,1,1,0,1,1,0,0,0,1,0,0,1,0,0,0,0,1,1,1,1,0,1,0,0,1,0,1,0,1,1,0,1,0,0,1,0,1,1,0,1,1,0,0,1,1,1,1,1,0,1,1,1,0,1,0
0,0,0,0,0,0,1,0,0,1,1,1,0,1,1,1,1,0,0,0,1,0,1,0,1,1,0,1,1,0,0,0,1,1,0,0,0,0,1,0,0,0,1,1,0,1,1,1,0,0,1,1,0,0,1,0,0,0,0,1,1,1,0,0,0,1,1,1,0,1,1,1,1,0,0,0,1,1,0,1,1,0,1,0,1,0,1,1,1,0,0,1,0,1,1,0,1,1,1,0
1,0,1,1,0,0,0,0,0,1,1,0,0,0,0,1,1,1,0,0,0,0,1,0,0,1,0,1,0,0,1,1,0,0,1,1,1,1,0,0,1,1,0,1,0,1,0,0,0,1,1,1,0,1,0,0,1,0,1,1,1,1,1,0,1,1,0,1,0,1,1,1,1,1,1,0,0,0,0,1,1,1,1,0,1,1,0,0,1,1,0,1,1,1,0,1,1,1,0,1
1,0,1,0,0,1,1,0,0,1,0,0,0,0,0,0,1,1,0,1,1,0,1,1,0,0,0,0,0,0,0,1,0,0,0,0,1,0,1,1,0,1,0,1,1,0,1,1,0,1,1,1,0,0,0,1,0,0,0,0,0,1,0,0,1,0,1,1,1,1,1,0,0,0,1,0,1,1,0,0,1,1,0,0,1,0,0,1,1,1,1,1,1,1,0,0,0,0,1,0
0,1,1,1,0,1,1,1,0,1,1,1,0,0,1,1,1,0,1,1,1,0,1,1,0,0,0,0,0,1,0,1,0,1,0,0,1,1,1,1,0,1,0,0,0,0,1,1,1,0,0,1,1,1,1,1,0,0,1,0,1,1,0,0,1,1,1,1,0,0,0,0,0,0,0,0,1,0,0,0,1,1,1,1,1,1,1,0,0,0,0,1,0,0,1,1,0,1,1,1
